worker,Tuesday - Dec 15	08:15 - 09:15	2/1,Tuesday - Dec 15	08:15 - 09:15	2/2,Tuesday - Dec 15	08:15 - 09:15	3/1,Tuesday - Dec 15	08:15 - 09:15	3/2,Tuesday - Dec 15	08:15 - 09:15	4/1,Tuesday - Dec 15	08:15 - 09:15	4/2,Tuesday - Dec 15	08:15 - 09:15	5/1,Tuesday - Dec 15	08:15 - 09:15	5/2,Tuesday - Dec 15	09:30 - 10:30	2/1,Tuesday - Dec 15	09:30 - 10:30	2/2,Tuesday - Dec 15	09:30 - 10:30	3/1,Tuesday - Dec 15	09:30 - 10:30	3/2,Tuesday - Dec 15	09:30 - 10:30	4/1,Tuesday - Dec 15	09:30 - 10:30	4/2,Tuesday - Dec 15	09:30 - 10:30	5/1,Tuesday - Dec 15	09:30 - 10:30	5/2,Tuesday - Dec 15	10:45 - 11:45	2/1,Tuesday - Dec 15	10:45 - 11:45	2/2,Tuesday - Dec 15	10:45 - 11:45	3/1,Tuesday - Dec 15	10:45 - 11:45	3/2,Tuesday - Dec 15	10:45 - 11:45	4/1,Tuesday - Dec 15	10:45 - 11:45	4/2,Tuesday - Dec 15	10:45 - 11:45	5/1,Tuesday - Dec 15	10:45 - 11:45	5/2,Tuesday - Dec 15	13:00 - 14:00	3/2,Tuesday - Dec 15	13:00 - 14:00	4/1,Tuesday - Dec 15	13:00 - 14:00	5/1,Tuesday - Dec 15	13:00 - 14:00	5/2,Wednesday - Dec 16	08:15 - 09:15	2/1,Wednesday - Dec 16	08:15 - 09:15	2/2,Wednesday - Dec 16	08:15 - 09:15	3/1,Wednesday - Dec 16	08:15 - 09:15	4/1,Wednesday - Dec 16	08:15 - 09:15	4/2,Wednesday - Dec 16	08:15 - 09:15	5/1,Wednesday - Dec 16	08:15 - 09:15	5/2,Wednesday - Dec 16	09:30 - 10:30	2/1,Wednesday - Dec 16	09:30 - 10:30	2/2,Wednesday - Dec 16	09:30 - 10:30	3/1,Wednesday - Dec 16	09:30 - 10:30	4/1,Wednesday - Dec 16	09:30 - 10:30	4/2,Wednesday - Dec 16	09:30 - 10:30	5/1,Wednesday - Dec 16	09:30 - 10:30	5/2,Wednesday - Dec 16	10:45 - 11:45	2/1,Wednesday - Dec 16	10:45 - 11:45	2/2,Wednesday - Dec 16	10:45 - 11:45	3/1,Wednesday - Dec 16	10:45 - 11:45	4/1,Wednesday - Dec 16	10:45 - 11:45	4/2,Wednesday - Dec 16	10:45 - 11:45	5/1,Wednesday - Dec 16	10:45 - 11:45	5/2,Thursday- Dec 17	08:15 - 09:15	2/1,Thursday- Dec 17	08:15 - 09:15	2/2,Thursday- Dec 17	08:15 - 09:15	3/1,Thursday- Dec 17	08:15 - 09:15	3/2,Thursday- Dec 17	08:15 - 09:15	4/1,Thursday- Dec 17	08:15 - 09:15	4/2,Thursday- Dec 17	08:15 - 09:15	5/1,Thursday- Dec 17	08:15 - 09:15	5/2,Thursday- Dec 17	09:30 - 10:30	2/1,Thursday- Dec 17	09:30 - 10:30	2/2,Thursday- Dec 17	09:30 - 10:30	3/1,Thursday- Dec 17	09:30 - 10:30	3/2,Thursday- Dec 17	09:30 - 10:30	4/1,Thursday- Dec 17	09:30 - 10:30	4/2,Thursday- Dec 17	09:30 - 10:30	5/1,Thursday- Dec 17	09:30 - 10:30	5/2,Thursday- Dec 17	10:45 - 11:45	2/1,Thursday- Dec 17	10:45 - 11:45	2/2,Thursday- Dec 17	10:45 - 11:45	3/1,Thursday- Dec 17	10:45 - 11:45	3/2,Thursday- Dec 17	10:45 - 11:45	4/1,Thursday- Dec 17	10:45 - 11:45	4/2,Thursday- Dec 17	10:45 - 11:45	5/1,Thursday- Dec 17	10:45 - 11:45	5/2,Thursday- Dec 17	13:00 - 14:00	2/1,Thursday- Dec 17	13:00 - 14:00	2/2,Thursday- Dec 17	13:00 - 14:00	3/1,Thursday- Dec 17	13:00 - 14:00	3/2,Thursday- Dec 17	13:00 - 14:00	4/1,Thursday- Dec 17	13:00 - 14:00	4/2,Friday - Dec 18	08:15 - 09:15	2/1,Friday - Dec 18	08:15 - 09:15	2/2,Friday - Dec 18	08:15 - 09:15	3/1,Friday - Dec 18	08:15 - 09:15	4/1,Friday - Dec 18	08:15 - 09:15	4/2,Friday - Dec 18	08:15 - 09:15	5/1,Friday - Dec 18	08:15 - 09:15	5/2,Friday - Dec 18	09:30 - 10:30	2/1,Friday - Dec 18	09:30 - 10:30	2/2,Friday - Dec 18	09:30 - 10:30	3/1,Friday - Dec 18	09:30 - 10:30	4/1,Friday - Dec 18	09:30 - 10:30	4/2,Friday - Dec 18	09:30 - 10:30	5/1,Friday - Dec 18	09:30 - 10:30	5/2,Friday - Dec 18	10:45 - 11:45	2/1,Friday - Dec 18	10:45 - 11:45	2/2,Friday - Dec 18	10:45 - 11:45	3/1,Friday - Dec 18	10:45 - 11:45	4/1,Friday - Dec 18	10:45 - 11:45	4/2,Friday - Dec 18	10:45 - 11:45	5/1,Friday - Dec 18	10:45 - 11:45	5/2,Monday - Dec 21	08:15 - 09:15	2/1,Monday - Dec 21	08:15 - 09:15	2/2,Monday - Dec 21	08:15 - 09:15	3/1,Monday - Dec 21	08:15 - 09:15	3/2,Monday - Dec 21	08:15 - 09:15	4/1,Monday - Dec 21	08:15 - 09:15	4/2,Monday - Dec 21	08:15 - 09:15	5/1,Monday - Dec 21	08:15 - 09:15	5/2,Monday - Dec 21	09:30 - 10:30	2/1,Monday - Dec 21	09:30 - 10:30	2/2,Monday - Dec 21	09:30 - 10:30	3/1,Monday - Dec 21	09:30 - 10:30	3/2,Monday - Dec 21	09:30 - 10:30	4/1,Monday - Dec 21	09:30 - 10:30	4/2,Monday - Dec 21	09:30 - 10:30	5/1,Monday - Dec 21	09:30 - 10:30	5/2,Monday - Dec 21	10:45 - 11:45	2/1,Monday - Dec 21	10:45 - 11:45	2/2,Monday - Dec 21	10:45 - 11:45	3/1,Monday - Dec 21	10:45 - 11:45	3/2,Monday - Dec 21	10:45 - 11:45	4/1,Monday - Dec 21	10:45 - 11:45	4/2,Monday - Dec 21	10:45 - 11:45	5/1,Monday - Dec 21	10:45 - 11:45	5/2,Monday - Dec 21	13:00 - 14:00	2/1,Monday - Dec 21	13:00 - 14:00	2/2,Monday - Dec 21	13:00 - 14:00	3/1,Monday - Dec 21	13:00 - 14:00	3/2,Monday - Dec 21	13:00 - 14:00	4/1,Monday - Dec 21	13:00 - 14:00	4/2,Tuesday - Dec 22	08:15 - 09:15	2/1,Tuesday - Dec 22	08:15 - 09:15	2/2,Tuesday - Dec 22	08:15 - 09:15	3/1,Tuesday - Dec 22	08:15 - 09:15	4/1,Tuesday - Dec 22	08:15 - 09:15	4/2,Tuesday - Dec 22	08:15 - 09:15	5/1,Tuesday - Dec 22	08:15 - 09:15	5/2,Tuesday - Dec 22	09:30 - 10:30	2/1,Tuesday - Dec 22	09:30 - 10:30	2/2,Tuesday - Dec 22	09:30 - 10:30	3/1,Tuesday - Dec 22	09:30 - 10:30	4/1,Tuesday - Dec 22	09:30 - 10:30	4/2,Tuesday - Dec 22	09:30 - 10:30	5/1,Tuesday - Dec 22	09:30 - 10:30	5/2,Tuesday - Dec 22	10:45 - 11:45	2/1,Tuesday - Dec 22	10:45 - 11:45	2/2,Tuesday - Dec 22	10:45 - 11:45	3/1,Tuesday - Dec 22	10:45 - 11:45	4/1,Tuesday - Dec 22	10:45 - 11:45	4/2,Tuesday - Dec 22	10:45 - 11:45	5/1,Tuesday - Dec 22	10:45 - 11:45	5/2,Tuesday - Dec 22	13:00 - 14:00	2/1,Tuesday - Dec 22	13:00 - 14:00	2/2,Tuesday - Dec 22	13:00 - 14:00	3/1,Tuesday - Dec 22	13:00 - 14:00	4/1,Tuesday - Dec 22	13:00 - 14:00	4/2,Tuesday - Dec 22	13:00 - 14:00	5/1,Tuesday - Dec 22	13:00 - 14:00	5/2
Pearse,73,77,51,106,23,10,122,38,114,104,10,113,11,113,129,13,36,113,52,53,95,143,76,101,35,150,107,4,120,84,112,77,40,130,106,11,5,86,97,30,57,118,125,97,81,33,89,112,97,3,62,22,45,51,155,3,106,55,38,91,69,135,91,123,153,100,18,89,73,135,144,108,96,152,146,54,65,72,155,33,122,143,39,49,1,139,116,155,100,62,114,94,19,119,16,108,81,77,148,103,102,130,137,114,69,157,152,114,134,121,3,93,78,143,125,72,72,53,88,113,58,103,91,150,102,1,111,12,127,40,55,24,28,103,125,3,40,30,107,112,126,31,154,6,42,80,72,28,51,105,55,142,69,98,4,39,125,7
Tharika,158,100,25,65,136,139,13,131,102,58,97,113,94,29,124,39,121,50,5,17,99,142,89,156,88,34,142,66,10,32,41,156,108,140,85,26,2,17,117,26,32,120,40,87,152,77,122,19,15,51,28,123,61,52,40,91,142,131,111,122,16,59,88,40,153,147,2,144,126,145,100,128,126,110,19,121,22,110,121,138,47,113,6,147,74,63,94,108,48,109,48,142,7,156,122,35,116,30,88,131,6,11,25,25,66,91,152,43,92,118,153,119,11,51,36,146,31,61,33,51,94,32,146,146,155,8,40,57,22,102,67,154,84,112,120,118,29,74,51,65,77,87,19,8,50,140,158,141,88,60,156,90,42,63,99,24,79,34
Robert,80,92,36,118,17,61,30,41,65,135,149,46,73,149,95,129,47,74,70,65,99,49,74,88,34,138,58,104,7,35,60,87,104,17,103,35,159,141,102,59,118,29,135,65,73,68,97,88,83,153,12,66,24,89,15,28,27,40,77,30,144,154,20,3,28,136,3,20,117,150,133,151,159,5,13,131,69,75,81,73,32,105,52,137,17,89,102,25,57,24,154,136,86,23,1,119,76,84,152,106,149,2,77,129,134,7,44,106,99,78,89,18,60,43,37,85,147,94,31,146,147,62,136,113,107,39,52,73,120,119,81,122,70,107,116,27,99,80,134,76,34,117,85,141,106,84,102,137,81,21,122,87,139,141,125,6,115,47
Brian C.,115,92,57,88,48,94,44,97,9,17,151,17,12,100,85,91,9,159,5,44,155,75,43,109,148,122,127,5,132,157,143,13,156,6,44,14,15,65,139,70,25,17,157,118,45,54,54,84,98,75,54,156,89,35,139,13,147,50,157,82,117,107,42,7,98,70,138,103,150,3,31,68,24,75,33,65,118,105,47,76,107,51,61,27,35,6,33,18,63,11,46,140,55,28,23,133,40,46,33,76,117,36,9,153,66,115,92,5,128,119,67,103,95,104,134,43,23,17,59,43,2,91,131,107,27,60,131,143,103,123,143,135,27,4,134,130,74,142,102,42,133,56,47,115,131,1,72,60,86,22,75,28,46,55,92,93,139,20
Glenn,113,28,121,114,12,54,106,115,123,99,49,76,46,57,7,136,106,55,72,3,21,10,51,132,81,106,146,117,60,71,141,3,100,133,117,30,13,55,38,141,105,149,103,46,68,122,72,43,73,77,57,72,80,91,51,53,31,76,125,29,77,88,135,34,93,88,85,50,95,83,73,109,30,31,105,149,43,142,25,43,38,157,119,27,102,35,55,23,43,65,23,136,94,23,7,19,80,130,96,81,94,2,98,125,7,13,91,130,42,70,61,83,131,8,144,34,3,15,92,63,150,136,10,85,57,117,31,132,128,125,138,25,152,63,153,72,153,97,106,136,82,159,36,78,117,107,146,31,9,8,23,154,49,86,96,138,47,46
John,107,46,122,114,53,16,55,39,99,76,115,69,78,103,105,29,76,144,32,10,55,128,23,101,114,103,18,45,11,149,87,116,77,153,140,127,3,32,78,134,1,23,131,30,70,10,36,46,74,158,129,72,133,101,107,130,12,54,27,56,16,77,35,100,37,36,78,143,126,122,55,135,112,39,51,112,96,61,111,3,66,118,112,28,43,73,157,92,84,74,51,97,4,34,30,156,68,149,8,30,66,132,90,18,12,56,20,37,62,122,14,5,3,122,85,5,100,140,158,79,32,55,23,156,27,33,116,101,96,60,57,46,20,113,132,144,73,91,71,139,19,72,65,112,1,21,100,51,115,1,124,59,20,94,131,30,140,66
Noah,57,92,91,6,24,134,154,113,129,37,136,100,150,6,15,146,12,10,123,56,71,77,82,50,82,76,20,92,48,20,94,41,145,103,61,138,136,25,82,10,135,84,66,13,152,102,71,74,111,66,66,126,49,132,72,141,51,105,75,98,100,2,85,33,24,104,62,116,85,140,140,133,156,30,113,157,121,6,67,136,69,146,12,28,126,67,153,91,23,123,136,97,48,64,67,9,150,145,133,101,56,104,55,48,146,149,74,156,30,140,21,79,111,139,75,144,138,116,2,24,12,106,58,98,23,122,44,33,57,63,82,84,45,52,116,144,85,97,147,52,37,112,30,65,102,5,101,35,13,114,49,157,88,30,18,126,95,84
Brian M.,58,41,92,131,29,5,112,105,138,134,46,134,38,26,137,61,86,107,93,139,103,69,142,42,28,31,148,8,14,127,114,44,25,129,122,64,79,151,17,66,25,127,127,9,46,87,145,121,93,157,85,18,113,75,34,110,109,76,11,53,153,102,4,141,145,143,155,18,120,92,136,23,47,108,68,117,142,11,133,97,53,130,18,70,84,156,24,77,149,73,142,7,75,150,70,21,143,42,111,92,19,81,14,51,73,155,28,14,55,50,56,22,129,100,41,21,93,51,158,119,51,107,135,64,128,88,150,96,77,138,49,97,30,121,59,13,158,86,127,9,76,77,122,138,37,157,32,87,68,121,68,91,3,57,13,41,124,126
David T.,149,13,42,82,139,94,134,95,36,23,128,23,30,16,13,49,146,88,128,12,119,56,142,17,151,133,97,35,139,55,65,129,49,142,68,114,85,22,11,16,44,81,11,67,132,66,139,94,28,129,23,37,22,126,86,19,70,106,151,57,105,151,91,33,110,30,131,126,136,142,123,83,157,95,49,109,88,81,31,156,67,151,58,113,50,131,54,7,87,59,78,94,13,125,2,22,106,9,105,62,122,148,32,60,39,46,1,76,132,70,54,114,49,132,93,99,120,24,51,91,137,153,49,61,105,11,69,21,59,81,13,21,7,132,101,58,142,122,95,38,133,154,94,89,62,24,112,101,24,113,97,112,122,51,90,6,22,6
Nicholas H,129,80,54,56,99,7,74,61,111,49,6,12,4,30,12,68,110,87,52,134,60,114,112,3,148,30,35,134,138,90,133,44,154,42,51,18,66,143,102,51,41,17,68,93,121,34,152,15,150,147,15,95,17,15,51,121,129,155,151,3,38,30,100,103,13,48,150,78,75,103,51,136,136,142,50,33,95,34,122,54,132,99,86,18,113,77,131,86,5,106,32,49,85,25,41,154,26,91,106,131,104,97,43,152,45,109,83,107,84,1,133,79,11,87,82,8,56,131,157,81,79,102,62,118,62,5,145,9,79,78,94,140,25,111,149,25,49,8,119,72,77,49,140,71,43,151,24,155,9,137,113,70,106,60,80,25,152,142
Nicholas S.,1,10,16,157,9,93,76,16,6,15,144,66,117,154,10,11,3,103,77,156,113,135,116,37,43,154,156,49,1,132,154,133,71,80,60,95,48,36,47,57,85,148,106,56,156,121,56,32,151,131,38,73,18,50,95,72,67,134,66,99,39,128,35,98,66,134,93,6,142,69,17,102,94,127,130,39,148,148,155,61,8,1,32,42,133,102,158,120,6,104,59,93,150,29,152,48,55,113,12,127,63,128,81,125,28,60,22,124,33,16,142,10,11,37,151,137,45,153,88,67,92,70,79,74,38,51,59,34,147,30,19,65,55,26,96,16,65,18,97,26,109,26,64,65,56,44,77,92,148,29,52,29,7,79,136,71,64,10
Nicholas C.,158,139,79,151,41,123,49,137,15,115,125,158,24,148,72,82,115,57,1,109,64,157,20,122,39,140,19,51,141,29,124,42,6,95,21,41,107,109,41,114,146,116,82,26,4,139,105,148,90,33,54,46,38,46,158,73,67,107,122,97,158,3,144,3,148,34,145,66,14,124,87,149,70,103,101,76,10,12,35,84,69,148,88,52,17,104,27,110,11,32,121,46,52,95,130,96,46,130,40,55,33,92,138,74,138,103,159,70,96,67,23,61,58,55,41,94,48,79,1,38,148,116,92,95,157,44,123,12,152,83,123,118,100,13,60,102,15,41,100,136,73,94,131,29,124,72,128,111,26,40,91,101,138,62,156,112,29,27
Sirikamon,132,78,119,128,135,9,6,142,55,154,54,121,111,68,51,66,109,102,20,80,74,8,143,134,139,81,43,58,108,118,87,126,38,158,121,99,35,4,66,103,22,60,116,114,65,55,54,100,124,76,45,33,34,90,72,109,32,123,131,28,1,152,72,44,148,33,47,7,157,4,158,92,146,11,15,84,6,5,73,31,152,42,146,125,27,80,25,39,93,50,46,1,39,102,13,72,99,5,13,29,2,45,24,156,82,24,120,155,106,151,101,105,82,133,72,16,156,123,6,14,138,72,27,37,67,113,46,69,65,115,35,56,118,135,77,124,44,42,102,156,56,67,146,117,134,88,151,146,31,32,50,81,51,156,130,9,36,16
Kumar,151,70,149,57,126,86,85,121,140,80,31,57,101,121,24,78,139,122,146,35,33,130,40,147,109,53,135,139,147,50,4,146,115,146,19,158,26,52,153,29,153,54,34,59,56,20,118,11,34,95,103,153,68,28,139,78,53,118,158,108,45,119,40,54,63,19,100,10,115,40,98,3,52,78,118,95,7,85,58,68,90,87,113,114,9,68,108,125,6,112,114,35,4,75,67,70,109,13,113,99,5,9,156,68,153,132,36,58,106,65,33,55,117,99,27,2,58,70,104,139,58,113,116,5,96,146,32,12,52,98,141,148,66,140,101,4,23,111,39,40,86,86,77,156,109,61,107,56,79,26,120,13,71,32,149,138,89,46
Andrew M.,114,66,81,154,65,85,129,20,144,34,14,78,50,77,66,33,89,157,60,35,1,60,30,76,115,80,25,54,105,43,58,62,23,40,157,10,88,85,81,149,82,56,17,76,111,154,18,103,99,49,58,83,66,136,10,5,122,143,32,97,52,7,154,101,25,103,151,16,152,54,133,52,152,45,23,88,126,112,140,82,76,15,10,12,40,152,152,56,66,8,69,153,66,46,4,40,1,80,2,82,7,2,144,144,113,48,107,73,104,110,69,125,29,29,99,76,155,120,22,4,28,123,65,16,21,45,112,118,73,133,35,115,86,73,30,157,145,150,3,134,127,112,63,26,115,45,88,19,22,100,8,10,85,22,85,133,114,28
Keerthi,11,79,70,135,114,158,74,29,104,68,41,104,56,137,110,121,29,7,117,14,85,16,146,30,133,126,91,75,4,23,8,35,51,78,148,43,41,64,30,86,24,52,100,5,124,94,67,38,158,143,82,143,147,157,56,90,135,55,138,15,49,29,139,20,155,34,55,141,91,146,119,82,153,31,110,39,123,44,27,52,115,122,28,62,30,58,45,12,127,72,84,4,154,141,40,132,136,151,16,130,149,118,40,114,66,136,123,46,73,120,17,17,87,41,131,78,125,44,111,88,70,125,68,29,133,157,142,151,126,65,42,77,91,134,58,22,86,14,71,15,142,17,75,140,154,45,77,5,31,120,122,103,104,78,133,153,104,147
Marcus,98,104,50,57,14,103,28,51,60,150,118,39,136,58,10,26,147,113,114,83,135,110,57,41,96,131,102,138,76,124,13,110,15,104,42,135,77,90,145,108,117,140,62,53,148,33,22,92,84,80,81,104,97,102,42,13,78,39,65,93,7,105,31,58,85,26,21,143,34,35,108,133,94,65,7,50,116,56,75,71,139,108,29,152,128,17,158,6,145,98,55,61,141,142,88,6,51,42,11,84,144,103,30,72,61,109,40,5,142,103,72,95,112,139,69,89,45,119,81,5,108,56,120,150,42,104,33,5,26,142,124,31,43,7,83,137,119,144,142,9,43,6,67,142,23,148,62,135,52,78,46,107,92,85,30,72,152,159
Joshua,112,149,64,75,141,58,14,58,58,147,85,73,74,75,83,33,19,138,4,13,101,82,66,81,7,48,108,70,132,118,118,76,135,21,13,117,8,8,91,8,84,105,159,10,142,90,129,96,95,43,9,144,128,98,90,63,125,123,56,87,92,117,15,127,129,54,88,20,14,64,37,80,136,21,80,97,92,129,71,41,95,14,56,18,130,106,71,52,36,79,33,58,22,86,3,13,14,30,128,94,108,85,56,153,46,40,76,104,123,71,43,138,77,150,126,8,127,92,43,136,42,133,124,108,1,136,69,146,54,20,10,150,72,7,100,136,30,6,151,159,28,108,15,59,5,62,44,157,18,12,144,118,79,10,91,158,134,29
Hermann,105,122,21,58,139,52,36,144,51,142,112,20,106,115,110,143,38,81,146,135,122,159,65,108,82,159,69,37,81,128,157,88,22,146,21,44,68,113,83,156,142,52,92,134,134,10,103,27,45,27,32,139,31,59,47,59,42,140,88,146,40,131,70,45,53,81,115,111,152,52,106,122,78,48,107,36,38,132,94,49,121,93,71,69,65,37,150,157,66,74,114,83,40,87,101,150,82,124,87,39,127,44,148,41,58,96,130,4,49,78,73,124,80,63,19,117,18,141,93,60,114,13,55,42,51,41,55,147,109,73,67,44,33,81,108,155,86,101,67,109,93,61,45,154,80,88,111,14,116,36,104,128,104,147,157,49,136,128
Justin,67,157,55,156,123,144,70,32,134,154,117,147,7,22,14,109,9,43,19,42,37,128,112,103,142,101,30,155,9,56,146,4,63,4,155,22,158,143,77,97,92,89,31,45,95,75,53,66,107,108,71,19,134,79,4,55,24,154,107,97,148,99,131,104,81,56,40,73,21,25,136,132,59,117,123,139,76,92,133,127,146,123,32,132,120,97,72,153,43,133,111,68,156,142,64,37,87,135,14,48,72,66,34,129,151,159,88,83,99,41,94,74,63,16,11,108,14,98,51,19,46,51,72,59,46,1,92,56,61,38,24,39,45,147,46,4,30,92,147,63,43,6,138,156,6,152,18,123,65,9,32,148,106,140,33,141,120,113
Jonas,74,94,71,68,102,74,109,30,90,130,80,138,25,129,72,121,60,115,110,60,106,52,72,22,73,116,150,125,12,119,70,20,110,2,136,156,44,62,46,86,53,102,64,138,155,96,49,130,109,91,131,39,143,101,60,44,114,127,50,131,98,99,37,104,102,19,77,91,87,56,84,135,69,131,102,123,30,118,121,31,35,17,113,51,141,5,7,85,98,32,146,81,92,136,36,123,33,51,4,47,135,128,60,84,89,73,56,58,150,123,50,1,126,101,50,71,143,31,110,2,113,95,71,131,31,157,75,100,49,43,81,109,115,7,1,68,86,154,81,126,145,105,23,17,31,121,68,117,34,22,110,16,123,35,13,29,145,76
Andrew W.,17,52,101,93,53,23,38,24,153,89,21,77,115,71,72,152,9,3,54,41,86,152,109,158,37,46,63,100,73,41,15,57,40,120,101,124,108,11,134,119,21,125,51,106,63,102,121,59,24,31,87,74,131,112,32,63,54,43,85,145,108,104,80,93,74,26,33,32,154,120,111,103,34,59,132,1,125,80,92,104,21,99,84,109,55,64,113,16,133,9,71,87,66,71,103,89,126,125,44,93,14,114,31,127,70,115,142,6,55,27,127,64,126,151,107,29,109,43,50,139,40,139,124,31,66,52,151,152,5,144,141,104,39,86,7,53,27,127,146,35,36,52,47,94,149,8,34,91,38,71,142,140,152,9,48,158,153,93
